urn:cite:oldpersian:monument.1,urn:cite:oldpersian:img.3936190483_3367896144_o
urn:cite:oldpersian:monument.1,urn:cite:oldpersian:img.Behistun_DB1_1-15
urn:cite:oldpersian:monument.1,urn:cite:oldpersian:img.kt_pl_vi
urn:cite:oldpersian:monument.1,urn:cite:oldpersian:img.titus_db1col
urn:cite:oldpersian:monument.1,urn:cite:oldpersian:img.titus_db1-scan10
urn:cite:oldpersian:monument.1,urn:cite:oldpersian:img.titus_scan9
urn:cite:oldpersian:monument.1,urn:cite:oldpersian:img.titus_db1-scan8
urn:cite:oldpersian:monument.1,urn:cite:oldpersian:img.titus_db1-scan7
urn:cite:oldpersian:monument.1,urn:cite:oldpersian:img.titus_db1-scan6
urn:cite:oldpersian:monument.1,urn:cite:oldpersian:img.titus_db1-scan5
urn:cite:oldpersian:monument.1,urn:cite:oldpersian:img.rawlinson_col1
